{"cameraMode":{"drawMode":0,"name":"Shaded","section":"Shading Mode"},"sceneLighting":true,"audioPlay":false,"sceneViewState":{"m_AlwaysRefresh":false,"showFog":true,"showSkybox":true,"showFlares":true,"showImageEffects":true,"showParticleSystems":true,"showVisualEffectGraphs":true,"m_FxEnabled":true},"in2DMode":false,"pivot":{"x":11.64849853515625,"y":4.039297103881836,"z":10.183697700500489},"rotation":{"x":-0.026201754808425905,"y":0.024566860869526864,"z":0.0005755745805799961,"w":0.9993680715560913},"size":5.651365756988525,"orthographic":false}