{"cameraMode":{"drawMode":0,"name":"Shaded","section":"Shading Mode"},"sceneLighting":true,"audioPlay":false,"sceneViewState":{"m_AlwaysRefresh":false,"showFog":true,"showSkybox":true,"showFlares":true,"showImageEffects":true,"showParticleSystems":true,"showVisualEffectGraphs":true,"m_FxEnabled":true},"in2DMode":false,"pivot":{"x":2.5706098079681398,"y":23.60301971435547,"z":11.651312828063965},"rotation":{"x":0.007459746673703194,"y":-0.10757478326559067,"z":-0.0007937127957120538,"w":-0.9942363500595093},"size":7.071067810058594,"orthographic":false}